{"cameraMode":{"drawMode":0,"name":"Shaded","section":"Shading Mode"},"sceneLighting":false,"audioPlay":false,"sceneViewState":{"m_AlwaysRefresh":false,"showFog":true,"showSkybox":false,"showFlares":true,"showImageEffects":true,"showParticleSystems":true,"showVisualEffectGraphs":true,"m_FxEnabled":true},"in2DMode":false,"pivot":{"x":13.457362174987793,"y":10.115180969238282,"z":11.894351959228516},"rotation":{"x":-0.09385611861944199,"y":0.13013607263565064,"z":-0.012373506091535092,"w":-0.9869722127914429},"size":43.85076904296875,"orthographic":false}