{"cameraMode":{"drawMode":0,"name":"Shaded","section":"Shading Mode"},"sceneLighting":true,"audioPlay":false,"sceneViewState":{"m_AlwaysRefresh":false,"showFog":true,"showSkybox":true,"showFlares":true,"showImageEffects":true,"showParticleSystems":true,"showVisualEffectGraphs":true,"m_FxEnabled":true},"in2DMode":false,"pivot":{"x":494.6522216796875,"y":802.7871704101563,"z":-34.50048828125},"rotation":{"x":-0.00031051665428094566,"y":0.020410513505339624,"z":-0.000008770196473051328,"w":-0.9997954368591309},"size":939.85302734375,"orthographic":false}